PIDN,Ca,P,pH,SOC,Sand
09gt9UK5,-0.531251540263,-0.249402891259,-0.93313248898,-0.730398562307,0.711479072822
0BVvxJ6a,0.408207515197,-0.00660617884054,0.659887664636,0.123220323505,-1.1811108758
0KbdgApg,-0.0846080812536,-0.220751988158,-0.0357162326293,0.119682894369,-0.956902423282
0MnuuduB,-0.340725985573,-0.237217016841,-0.360955958265,0.395644692483,-1.05744000003
0PcIsF9z,-0.444622856167,-0.0999230691608,-1.23589177129,0.0958497301783,-0.154519704845
0ShTFLYJ,-0.313134911538,-0.513479700621,-0.841941276351,-0.787427787418,0.315826172793
0XZh9jka,-0.516568410105,-0.113433758571,-0.93211788876,0.73955830422,-0.923503015856
0Y7Wegri,-0.236203893853,-0.00443711252027,0.639864955728,-0.0376186204287,0.312641965046
0dTqplIM,0.0719693627706,-0.211690619457,0.715519993734,0.178621199657,-1.05018921157
0lNiZicC,-0.249999139526,-0.406490647106,-0.799612246958,-0.476629027143,-0.241059258767
0rGeJ0QN,-0.230648544493,0.104039565115,-0.375684930552,0.163259959013,-0.167033459701
0sXI9ytQ,-0.395322240288,-0.194075486701,-0.197820992411,-0.768912032871,1.60111839183
0ukt4aP6,0.307782958164,0.109050716553,1.17267913151,-0.706613491533,-0.333737694701
1AGspb8f,-0.500995831434,-0.418995607031,-1.13917459466,0.0451903962477,-0.991044875525
1Csy0gvE,-0.404657840429,-0.209551901648,-0.391949860452,-0.68604022056,0.590720181143
1Ic2hly1,-0.307692216388,0.0917240278529,-0.0262037848535,-0.108537140679,0.361393625989
1PPbaTwt,-0.361591382326,-0.174607547795,-0.333814773375,-0.622455915224,0.257824746139
1SO5VJNy,-0.292855099039,-0.0703939412083,-0.0806142184385,-0.495493298956,0.717602679767
1arHxK3Y,0.763029973319,0.406912276644,1.52559912354,0.317263926887,-0.436721593204
1fCW4Bba,-0.361131968652,-0.140252959953,0.315634181287,-0.423103721529,0.609164756909
1qDZNvIm,-0.405616900566,-0.207956809537,-0.154376391106,-0.752191257855,1.23531155385
28LYJC2V,-0.434825156525,-0.154024390951,-1.01166725125,0.571037330331,-0.526371901504
2CzACvQq,0.432075469607,0.276222796252,1.47295173452,-0.242736906386,-0.436715679716
2FT3crfv,-0.352876106133,-0.282330633643,0.140663126075,0.0743518322559,-0.713513781958
2Fy2uHVg,-0.487798164994,-0.164606476507,-0.589403720605,-0.490296835698,-0.316144226599
2MkMEApm,-0.387428921157,-0.160578714438,0.369757377833,-0.661612050693,0.942676185028
2NDGWEOe,0.468443924112,0.51240616225,1.77104380458,-0.57480569516,-0.514873236442
2NyyCiqn,-0.323443094391,-0.0877212841756,-0.0968933952065,-0.428643276246,0.676013867213
2QRzIb84,0.276805169369,0.362884898721,1.92809180871,-0.441968745658,0.212219341268
2QcbdrUZ,-0.394512628982,-0.226307506051,-0.0758548238622,-0.542093459742,0.640600001654
2YgAimWK,-0.376819161432,-0.0736374591981,0.454804565117,-0.568375327164,0.725246405521
2cx85d9H,0.0533517867031,-0.32906675579,-0.100381089918,0.179669499305,-1.04039232826
2homMXMV,-0.363033499181,0.103876424458,-0.909442993617,0.0558117834803,0.362568345356
2ldLrUtq,-0.470349764889,-0.348926955682,-0.249687991833,-0.475767869233,-0.407027392832
2nsACW6G,-0.449629192717,-0.466163937935,-1.33848488976,0.891453494895,-0.971661852571
2yMbVnWc,-0.176523664838,0.271993627047,-0.854857162232,1.61875246044,0.200902528823
36r8sgGQ,-0.369397905878,-0.238286166366,-0.301465600734,-0.733775785289,0.807536331379
3NXAXCl3,-0.506436569325,-0.363370394695,-1.1991490063,0.484220889461,-1.00496975506
3QG0z6fl,-0.453413025566,-0.306002012685,-0.695644844677,-0.551733975991,0.211376366708
3WS8R9qm,-0.395138570919,-0.427698086645,-0.773450556609,1.80750609748,-0.70602915445
3fRLm8f5,-0.421467796483,0.0100110131044,-1.02714149442,0.0846664027818,0.304091674769
3mZhp1nQ,-0.56821674217,-0.317039716048,-0.309534143591,-0.65527721882,0.651688815926
3pikJXRL,-0.471752186732,-0.314516462598,-1.21489182991,0.398581850172,-0.854585144871
3pxOEGHL,-0.412810309964,-0.268984824227,-0.529805102099,-0.668840743971,0.617094101371
3ttdV3f5,-0.28668483218,-0.240852231471,-0.344137187199,-0.334833280866,-0.487568033939
3v4X6Mfe,0.697335982212,0.0162709905436,1.56676487096,-0.598867667243,-0.128128754989
3wORuPiv,-0.652675379075,-0.314889770041,-0.501046307243,-0.442093094366,-0.937880138481
43EfrxZj,-0.0584444707141,-0.121466025773,0.186748226829,0.391597630918,-0.630340363893
457Vwm21,0.0110881393297,0.000908450161703,0.583499781088,0.420253967415,-0.468866484578
46KNnOdx,-0.528298421664,-0.161663874716,-1.38221479258,-0.177920518455,-0.302866559612
47TwNsVC,-0.578349205492,-0.467783398213,-1.1561568276,1.10429926783,-0.994449653282
49856RpO,-0.35978799349,-0.249744190954,-1.21299629928,-0.284476460606,-0.58364204855
4Ane1o2N,-0.378966907915,-0.363526666327,-0.506770201847,-0.51496350536,0.0257214654258
4AyVUgSc,-0.33069688397,-0.415398133149,-0.760739335056,-0.699438826122,-0.108159613077
4B1951On,-0.16093190397,-0.233025399189,-0.122020976205,-0.370735883156,-0.171531801588
4OL39Teo,-0.102115713314,0.0100896504225,0.188299536751,0.292819990439,-0.420653871675
4eQ90eLY,-0.231511199085,-0.186767533888,0.147125537525,0.412020567262,-0.732675632433
4o5jwMj8,-0.362482844225,-0.263437604244,-0.541927147183,-0.606775782957,0.327526348862
4vPgpl2c,-0.435684286141,-0.311791502002,-0.317967180019,-0.64702543369,0.419979625288
51r9aA0d,-0.300114703363,-0.465997215713,-0.530666290029,-0.748157863472,-0.120208285893
58SmeRoP,-0.128139701321,-0.237522842777,-0.199531950984,-0.141170367761,-0.26436164172
5HJp1AXn,-0.436116458059,-0.0718489451129,-0.785631946034,0.54713109863,-0.303560128868
5MBZW7fx,-0.0309569467484,0.123317684078,1.0314351677,-0.525973444717,-0.253505812897
5Nq3gHaP,0.179068128683,0.234951745265,0.543631079951,0.607529068881,-0.432821727013
5RmwFFK3,0.785699885133,-0.0315527135942,0.450058309003,0.176334947684,-1.27471254045
5Tu5Jbov,-0.507243140013,-0.130170372555,-0.404130900449,-0.227561742869,-0.455045776951
5YEolkev,-0.393157790264,-0.350240423661,-0.0537299080228,-0.60304450524,-0.447438765154
5a8sf6QV,-0.0160890126,-0.184365896261,0.366769340407,0.0309804656185,-0.86649546823
5eSvmqYm,-0.512759390912,-0.345369794802,-0.172273080899,-0.60346118372,-0.365424389242
5hkN8fiv,-0.372346425252,-0.193943020108,-1.14183344666,0.916356005074,-0.795811756603
5oK8Gti5,-0.494536788621,-0.216435398929,-0.443490523195,-0.686973675556,0.91770407962
5paniGaU,-0.41286677195,-0.0808263403441,-0.865452377596,-0.772337473136,1.46823854945
5vsr7ZUP,0.409531497747,-0.209369704055,0.698785354454,-0.299092364851,-0.863331042357
60B4xMWI,-0.283819488783,-0.00396333522031,0.900832493302,-0.774723158336,0.684788514393
64jOUtKy,0.430126075124,0.15085570006,0.272047095042,1.76743043447,-1.14613740501
6AJo4xNG,-0.321363852878,0.0454637225303,-0.163299327017,0.0269245030127,0.0867358623026
6CAvhEte,-0.425934240518,-0.194340223244,-0.504665644496,-0.480280725418,0.174787599407
6CuGYjT5,2.5850208264,-0.21812312595,1.89925600865,0.877227712839,-1.34443780897
6DGH8ujZ,-0.498886346135,-0.219912704456,-1.45799993433,0.288779010092,-0.662556843729
6PzsGdVm,-0.3918759305,-0.106422941971,-0.910902999697,0.428746230379,-0.400449709775
6UcSJMbq,-0.13386733796,0.0610406587459,1.21897281208,-0.976469409431,0.27893428405
6WJbkH8U,1.15489635678,-0.294235102802,1.76403024885,-0.300399243359,-0.862195665754
6eUWsVzw,0.314034281537,-0.175878609501,0.825803765712,-0.153337309664,-0.939836639982
6gNyO7Do,0.155244344122,-0.183259208523,0.13641314891,0.427006585119,-1.01106277676
6jT0AyHe,0.0411554602159,-0.290172119718,0.544574253183,0.256306851165,-1.12894945524
6nBgCvWu,-0.405207864481,-0.189173290937,-0.286986242888,-0.628881338143,0.957514879737
6ro5mqg6,-0.282170335213,-0.116694572395,-0.382152987766,-0.417255792335,0.396646358586
6sGqObX4,-0.578936101774,-0.260429531615,-0.454683548572,-0.390642749572,-0.644258279242
6uEGy0n4,1.75291376845,0.030623823402,2.16990245348,-0.460499144468,-1.02400155784
7BZ4LxP8,-0.0598229228114,-0.349509973326,0.495074117535,-0.593389882461,-0.784023088225
7CmigXKi,-0.409059683587,-0.188950302956,-0.836901714957,-0.61997942997,0.0438598825416
7Ga0LpfR,0.811553995834,0.335811762888,-0.0261528374132,1.69260752577,-0.878033505819
7PQsFvsG,-0.47453368918,-0.137728865541,-1.45521715578,1.02665054667,-0.4976347776
7aF7nnwn,-0.324009627094,-0.393078112402,-0.820600194563,-0.783061982606,0.760654392157
7asGzfX9,-0.378531078305,-0.175629922728,0.0168861929864,-0.391274393116,-0.0958709489999
7cg7C92o,-0.0866686486416,0.339369795729,0.309755926091,0.495962862928,-0.0843739069788
7eOxTpsB,-0.269559315866,-0.127402513816,0.620709688744,-0.519671698027,1.06357485409
7ey0v7ma,-0.489594045183,-0.424310961054,-0.92847497944,0.245093263471,-1.10410365669
7gocyrYl,-0.289042241659,-0.0973141600549,-0.52542240056,0.668046530683,-0.422716551822
7gqR3GoA,-0.409166978817,-0.312211531941,-0.630129019212,-0.455998554605,-0.329071954664
7og7aUXB,-0.260848821452,-0.236579482014,0.500907383734,-0.217982316088,-0.325407051349
7onRfa8F,-0.165205342713,0.0707273534955,0.370294817537,-0.301222782995,0.727618873134
7umkNuxM,-0.294667424211,-0.215555136167,-0.454726917318,0.332216389546,-0.463804562674
7vPr9ExD,-0.0885567323539,-0.133743409032,0.178487089789,0.117002428234,-0.827754490145
7zNjpCzu,-0.456661255261,-0.271223039047,-0.34814824761,-0.206916583334,-0.731204822759
7ztsQNj3,-0.495100751362,-0.230312856483,-0.44983510825,-0.150705784365,-0.530908260615
86gppwMI,-0.379065587415,0.0161695477586,-0.367400605759,-0.337333170976,1.01348537511
88thAGdL,-0.327538331485,-0.179945330325,-0.207708566047,-0.222930110953,-0.442975327052
8GhU8STP,1.07533583617,0.0956265727633,1.64026061393,0.361438451767,-0.908107175057
8NlzDcWe,-0.236961796174,-0.407919209154,-0.943207879827,-0.674011790376,0.0466908749158
8QAejdLW,-0.120218104168,-0.202150744878,-0.121541144742,0.1604762437,-1.06901509754
8RDeFxWM,-0.378606744973,-0.170243806242,-0.216810807366,-0.64134510822,0.869582409468
8UXP2NBS,-0.313362100373,-0.259165453671,-0.257521674537,-0.479945666609,0.343769800521
8ZoV3KGT,-0.198591144104,-0.306093749658,0.297081023708,-0.339941414825,-0.425326948947
8ajs2uG8,-0.430906177687,-0.225902043053,-0.923707999493,-0.374111114306,-0.566052384668
8bXnz62p,-0.21504630401,0.147770599888,0.124843858774,0.0157236760996,0.299019064558
8nO1O1LG,1.76264271775,0.23764311336,1.53211179878,1.61079422695,-0.895672906287
8xE1p8g8,-0.429224437859,-0.127884915097,-0.482874792977,-0.570683858946,-0.311288690269
8yMDVMRM,-0.441149509117,-0.27361171837,-1.43421812357,-0.383507090243,-0.507544808548
98R5VaPi,0.309794104852,0.294111665231,1.7906053456,-0.747316375058,0.792224993511
9DcTz2Ua,2.66991922601,-0.0849814386744,2.21994427502,0.869597898654,-1.05695848892
9G7nfUrK,-0.287777333122,-0.2032998007,0.215906144876,-0.460609629141,0.500002074411
9O6GZ1HT,0.018198143328,0.173111060496,1.42406334645,-0.88214628049,-0.240654672218
9S7fCoAM,-0.386129318925,-0.222190417241,-0.195080368289,-0.564378642885,0.687970281624
9iQwmFJR,-0.402480747615,-0.155049807629,-0.100116931626,-0.656625800371,0.0985209881882
A3Mt6SAQ,0.600898916821,0.413873091069,2.09575394773,-0.943377764172,0.393864123782
AJIsQIcV,-0.404069744201,-0.213469086496,-0.405310305105,-0.423666816205,0.0130307582389
AMHKXMh8,1.46685886384,0.315391687702,2.07476605789,-0.307764768219,-0.904084405314
ASwA2J4E,-0.28584032186,-0.0571713499822,-0.0342531472393,-0.438909329152,0.655501635288
AaFvEoHq,-0.26764486725,-0.0984946341914,0.320573129431,-0.806587755196,1.09002028602
AiIPD6hX,-0.355197407616,-0.234609662414,-0.285681112752,0.475776955472,-0.761059964956
AsIURvJS,-0.587424565568,-0.319106992859,-0.671181188414,0.806552867773,-0.820622262636
AsvgbJ0C,-0.339854173087,-0.0120031373121,-0.968269945797,0.636437506796,-0.141345285445
AxEhbkCM,-0.292643846489,-0.213359515904,-0.572941605222,-0.396960701553,-0.734074014846
B7VPkIpx,-0.365616506057,-0.00641344955629,0.587529317499,-0.782927312996,0.544401784494
BBwHqHiH,-0.0817921710577,-0.333465602499,-0.0233736999246,0.0390930734506,-1.02172636724
BMyps8hr,-0.277548519404,-0.304130022909,-0.11422659982,-0.37669263349,-0.847250482382
BUHS4dQw,0.240271709329,-0.00311291039328,-0.234523818007,2.98844365365,-0.879640940141
BZB3EYWQ,-0.302251842858,-0.0146632797644,-0.0911841981893,-0.382693884122,0.640816645298
C5UPCZcL,2.85553678798,-0.180918783004,2.04324305841,0.836398102336,-1.13796204243
C5gIfQbJ,-0.591335660337,-0.411332270319,-1.45907745932,0.870246203997,-1.0256963145
CDRuu4Pn,-0.368580427097,-0.264326851582,-0.325607109171,-0.758924788826,0.819494229293
CQhTYkqE,0.571232074432,-0.0188827074385,0.444719535667,0.18068779293,-1.33837845187
CSEobMXv,-0.499874239894,-0.308351982159,-1.31722555292,0.472181316207,-0.850331847017
CYMQE4x0,-0.0150346471289,0.141185795204,1.10237802651,-0.234574644241,0.183986423627
ChQdtl4J,-0.532206643157,-0.321674063811,-0.0346217006959,-0.586413584808,0.320925000454
ChnD1nrN,-0.260207535063,-0.418819386154,-0.676903479249,-0.567499206293,-0.282303711914
CvtbbIcq,0.761410876967,0.235830558138,1.62174179362,-0.114620355677,-0.489778865541
Cxk06b77,-0.12346380599,0.210504900842,0.48441040494,-0.169250009113,-0.0105464173546
D3QD3ZEJ,-0.223168114355,-0.10012721165,-0.412326507322,0.315079870011,-0.265570083545
D8J5C6lA,0.559690350703,0.229810511418,1.31681245728,0.0361453354307,-0.938524241368
DCeQwYfT,-0.150580428576,-0.175549537164,0.196249660127,0.00575252108257,-0.787568510142
DDEftkx3,-0.427358051959,-0.139905215916,-0.780342299961,-0.727214087854,1.33017702552
DEwCfeDW,-0.371438286955,0.0872017058226,-0.075584750419,-0.169179654602,0.336892712895
DMkIV4oL,-0.407176558117,-0.227563910937,-0.669485295401,-0.660879440828,0.501133717425
DnzGfbxS,-0.208699673655,-0.267642082211,0.352146192671,-0.183482651109,-0.888011803492
DoZxo6f6,-0.431634687753,-0.266297933403,-0.186200088302,-0.665946921889,0.600290019708
DvhBPGIk,-0.449194803371,-0.335228625657,-0.653480728646,-0.267624690542,-0.274578210061
Dx7GoUcT,-0.404308331964,-0.237784500587,-0.383795505844,-0.709000369388,1.17903112557
E5hIjohO,0.488763445298,-0.160344600624,0.408104123444,0.789543756669,-1.24907786104
E6x4XGHt,-0.538692998782,-0.171888667118,-0.517267253443,-0.654277118256,0.732828036138
EDEpAzh1,-0.369123232292,-0.245673573441,-0.42981104343,-0.600035018508,-0.56173897111
ETGudkQt,-0.41254448572,-0.134419920948,0.277339197211,-0.574013006996,0.437277139794
EUleKrLJ,1.88113330984,0.161460203799,2.00654263686,0.742405430423,-0.687706031985
Ehw2Jz6s,-0.364062354224,-0.204265794073,-0.677676747999,-0.4310832893,-0.0684785437216
EjqzC4zH,-0.367342378844,-0.0198950980075,0.301713129769,-0.841154507876,0.378470138622
EkMZO3Qj,-0.510212316132,-0.214318412217,0.0763990314039,-0.561091510836,0.591766212625
EnoNXWvU,-0.116445985102,0.149487771566,1.4512723797,-1.03488357593,0.166729876731
Epv8ANwr,-0.314090369524,-0.12724239747,-0.593695139399,0.401391353692,-0.213919796418
Etro9j0B,0.0195402967882,0.363432096297,0.331657019051,-0.0551991791657,-0.203254638562
F3MIZj76,-0.344356221777,-0.277556604624,-1.02147596037,-0.180763274695,-0.760219211746
FB8tU00K,-0.511029014994,-0.147086757185,-1.20659533094,0.407151939736,-0.390080659311
FLhxBGMK,0.0321107110688,-0.0429681385098,-0.110657167534,0.0227290678431,-0.87141097764
FRreR8ka,-0.489240909376,-0.246307645406,-0.187849138165,-0.368432979584,0.209966879133
FXne4oAV,0.431023852022,0.140301948671,1.09388815928,-0.285057952725,-0.777222306874
FaW764jk,-0.181905917796,0.264574452602,0.658932362241,-0.287784496006,0.232693612277
FeAbMXly,-0.473255148173,-0.262994334004,-1.0140984359,-0.672760337147,0.680486127508
FeudaFXn,1.5090825787,-0.157844588673,1.79011850407,-0.549697549969,-1.14519291996
FldUmFeM,1.16663919245,0.0402746259934,1.96514342619,-0.782805308201,-0.0362242579314
Fnv5tfAm,-0.5186477663,-0.13410617592,-0.683625790638,-0.0594097020067,-0.567637758486
FvrAd3Or,-0.217190634081,-0.248611189133,0.640623285956,-0.936727613967,0.63288737742
G48zHffi,0.108470861737,-0.00466839054705,1.36094234039,-0.752988346286,0.719610103591
G76zCv5N,-0.37975215722,-0.346731968965,-0.55646664569,-0.511358182773,-0.0362040744858
G7JGUdNf,0.0125644234282,-0.370892340448,0.180331603811,-0.0166011266665,-0.959517821035
GCo6MONx,1.12388826271,-0.021122950651,1.29219628724,0.779557655787,-0.903837886017
GE0vbpVQ,-0.346052497647,-0.130114618416,0.131529772796,-0.604532340511,0.386927392329
GN0DfOqt,-0.27264539331,-0.25132110882,0.303805267685,-0.474888019345,0.345205680989
GNsTAb1v,-0.576240519453,-0.20990940024,-0.457657094038,-0.373160114551,-0.946337255215
GPwmO21z,-0.378136785415,-0.260701833363,-0.616606281884,0.0692707327928,-0.43143514391
GQYpfLoh,0.801509728428,-0.0852082482622,0.16892564714,0.365301037148,-1.1314060908
GR9knT8n,-0.476035168243,-0.13646833441,-1.42193620843,0.912284020869,-0.481839280398
GXtFFbZy,0.0283108240481,-0.0598308074296,-0.0246330428306,-0.111191928212,0.0632682247362
GYvzvvFD,-0.507026713236,-0.0670034330734,-0.904540010545,-0.236648557212,0.219852739984
GemPjTJ9,-0.366315676892,0.000959052303037,-0.747615683998,0.228182538691,-0.425699772879
GkLYRm1K,1.75895392425,-0.00276379978007,2.10619077022,-0.574706800148,-1.10485406113
GmlqP8eI,-0.287268964654,-0.332351402081,-1.10963032265,-0.605390640867,-0.538125918996
GqkIrOvf,-0.323903329492,-0.179370935463,-0.582027380363,0.639662715772,-0.801060582721
H0fsegPi,-0.510756447597,-0.24887191803,-0.220656155042,-0.645001339742,0.643565412093
H4dHpJjU,2.02363921753,0.0823373590995,1.78971784305,1.00287814016,-0.912741088636
H5QwJCuU,1.76100350771,0.749103124461,2.08234672757,0.489923479492,-0.785045421622
H5uwmSZ0,-0.42008807399,-0.224247846686,-0.536451083617,-0.584971736792,0.619956322379
H8MtbVoL,-0.227454407092,-0.241620598583,-0.250957476375,-0.194580564754,-0.649837267786
H9JrUYnp,-0.419315510472,-0.1457984449,-0.054382711475,-0.236508251226,0.134447478932
HHYmmHVk,-0.402332651222,-0.210703591941,-0.305649868147,-0.795811273333,1.28168570371
HJ5U4uqL,-0.526033319813,-0.195851435626,-1.40598879709,-0.37780063037,-0.17874676406
HNQxYc4w,-0.322711664658,-0.279510367817,-0.524107302624,-0.494592137566,-0.187346650607
HQYhKHZ8,-0.467262724,-0.175147568937,-0.882954845939,-0.434293999726,-0.347351212509
HSCMx0MC,-0.424717588694,-0.135614265023,-0.275093262454,-0.60620521816,0.740445488574
HXYuE0fx,2.43256430138,-0.19424131823,2.04201400155,0.373258348318,-1.14238605639
HdKcxEWr,0.0707805385512,0.335258348167,0.698820588824,0.359520676943,-0.186216506126
HecW1iCC,-0.604546947815,-0.259814313023,-0.44410874911,-0.748836303307,-0.846777283697
HpbKB8rv,-0.447570606733,-0.30767315526,-1.25673411041,1.03561422813,-0.817505422602
HrkoYjCg,0.0184467458978,0.00103078380561,-0.267616876052,0.95028696621,-0.969101743924
I5P2uquT,-0.291706205467,-0.196734770119,-0.0834113623624,-0.506283987104,-0.0346574182131
I94qkDM7,-0.426651596386,0.0143721798881,-0.784528064639,-0.295809234654,0.425103960805
I9sQbtt8,-0.327100065873,-0.278412809393,-1.22609554566,1.82596295083,-0.868356828459
IFxgw6ZX,-0.478358825493,-0.261165430515,-0.169799500393,-0.526998962978,-0.254911825748
IPPPSyoU,-0.539843266357,-0.25826510698,-1.18432805981,-0.198779139891,-0.678828809133
IQOYQubU,1.55833260698,-0.0545598915535,1.64945602506,0.322641266948,-0.789649980389
IYNE2SxU,-0.428372374186,-0.222142178399,-0.452738477471,-0.201609601826,-0.584728604594
IZRFk9kN,-0.244416452302,-0.15320875965,0.407002442523,-0.347610971299,-0.15766081216
Iaq3v0t3,0.766427380279,0.512706578695,2.18249850839,-0.894624923396,0.11467494603
IbVwu1t6,-0.501536512248,-0.240482031001,-1.38748990047,0.0173125114874,-0.635622069922
IcHKTLyo,-0.00548482175035,-0.225812924585,-0.0718739387693,0.158056736465,-1.03045320487
IpW80wVB,-0.338444867503,-0.1571337355,-0.726088790468,-0.0279916169192,-0.418261851479
Itb0PYUV,1.8457673686,0.0760060836147,1.76827606458,1.2494842783,-0.986112781658
J8fpSwS0,-0.289567026408,-0.141018283723,0.44665488862,-0.701833461917,1.25473988679
JE1SlbD0,0.659289393314,0.0465029390201,0.499697962716,2.01024711941,-1.27075775415
JEB4McNb,1.0546077967,-0.252513157919,1.64581105132,-0.24657326141,-0.893914850231
JEE4QVeQ,-0.181267080288,-0.349328128487,-0.099823248074,-0.466094217904,-0.733435885029
JJSEU2VQ,-0.389715535619,-0.162399948317,-0.517601774349,-0.609548375723,0.87039329212
JSsVriP2,0.0822684455187,-0.32110016397,0.886556370675,-0.925487999461,0.0217120271928
JUvQNiOK,-0.118944771769,0.136230440006,0.424965615745,-0.378098899567,0.104307909898
JZbrRtm2,0.130600378629,0.0571583925498,1.57411637732,-0.913235347894,-0.0174812427901
JcE9G92B,-0.175625824898,-0.131519974765,0.0390467461549,0.543727478914,-0.515513958228
JnNYpXHr,0.496721828398,0.343279311562,0.338362205958,1.59637220855,-0.849927761693
JzpbnOtz,-0.320941640973,-0.067753026209,0.170168408529,-0.624308812808,1.0462745667
JzzUhPQp,1.73348498979,0.131871874718,2.08490813812,-0.385660756244,-1.12040599549
K05R8dQK,-0.278818924696,-0.245859232343,-0.87466845723,0.376489099783,-0.925718374008
K17pG2mG,-0.321321272273,-0.292966668536,0.377287619154,-0.619533045432,0.700476860539
K8BellUe,-0.0627009814362,-0.523263093744,0.373407917371,-0.543191295985,-1.22577368423
KJ2eH6rr,-0.12452858354,-0.250941446824,0.0969262253541,-0.524466908884,-0.921285770886
KJEJ6Glk,0.615446023879,-0.0653750493483,0.477846325212,1.56250729508,-1.33035740089
KSbO0oXS,0.61990661834,0.160649677615,0.320029803562,2.13477839026,-1.30617907407
KXtvmd01,-0.332552860355,-0.274190195159,-0.309300019959,-0.551269451909,0.291493192182
KYiJqBuJ,0.0204871495766,-0.318149926602,0.642200243939,-0.567264758096,-0.575674358074
KmbAyTcE,-0.289250529904,-0.188520079169,0.376942990255,-0.375294595481,-0.226950044961
KnNyl3rV,-0.174429406259,-0.00212543586511,0.551385508265,-0.455754378527,0.627872837384
Kp2DG8TZ,-0.339421482424,-0.0248197241144,0.505235077388,-0.72422594607,0.636648115799
KqQtKWs5,-0.324185056078,-0.372517625516,-0.873130173788,-0.594064244069,0.192661550536
Ku27g63R,2.66228351036,0.102624548621,2.04573042017,0.203739675998,-0.95792670626
L2aTVqDq,-0.389084738961,-0.211232273061,-1.088321292,0.788493485695,-0.80346670841
L5jvq6G4,-0.324989010256,-0.318079684742,-0.746856935199,-0.741564140532,0.519995780591
L91hYVQl,-0.266520955974,-0.437871414238,-0.905387766748,-0.748728152053,-0.00898850945999
LINAMlbA,-0.401740872397,0.137444882471,-0.780693095517,0.189176020224,0.377728912321
LJoUNXSx,-0.508318764044,-0.242148804512,-1.6070607151,0.1717154739,-0.813131824062
LLtSiyWD,-0.42176753877,-0.405189990558,-0.81488744246,-0.526720577163,-0.252327105881
LQJtV8kn,0.0307294190121,-0.141450551876,0.326239254566,-0.0420606609237,-1.12470389193
LW9uddw7,-0.422830618828,-0.398552012529,-0.943452687131,1.01301107732,-1.12696326946
LZ6sdBTR,0.671690336757,0.272732831071,1.32029363656,0.193005260821,-0.626888071945
La2Vhnne,0.305399258246,0.0179042211348,0.303904997426,1.30658098714,-0.690268344078
LaUWSq9B,-0.11149911872,-0.337022333909,0.315757297956,-0.219034667703,-1.08799712689
Lk4SfkPQ,-0.668765159058,-0.327445395744,-0.805810933654,-0.358821027013,-1.01037074925
LllC836d,-0.330375155682,-0.0517567880027,-0.77456961406,0.344016159606,-0.214048002774
LuGiGeWN,-0.418005331611,0.00281310790034,-0.73386772217,-0.297210059937,0.59435315742
LzcyHcWa,-0.394664540961,-0.166401663328,-0.545047088509,-0.63609648432,0.97963026837
M7veP0H4,-0.406609741315,-0.117475030192,-0.135322583698,-0.275830906992,0.670463480046
MB8aaJUc,-0.432060355732,-0.0341566168831,-1.27064896371,0.449219095564,-0.19179558231
MDpe2zuy,-0.477225029963,-0.30116266439,-0.604723664661,-0.339540933253,-0.541669516375
MEzdmEIU,-0.284994663996,-0.216252119642,-0.136140717945,-0.423704176601,0.024845773299
MVnhtivm,-0.385421014797,-0.25062934434,-0.835223792558,-0.102703628645,-0.314401849856
MYU7WDis,-0.263946945316,0.101128338239,0.589153229874,-0.812761277856,0.5149197091
MZFqh6yw,1.42425185118,0.257151871017,2.16496346783,-0.276595103718,0.0531212953409
Mdgy4SsO,0.855247589425,-0.0453686409537,0.0824821510518,1.69892004102,-1.02261132249
Mj8awnzy,-0.321976477104,-0.184756782453,0.227612407462,-0.63852663296,1.09779544023
MpFPbUJy,2.12252428651,0.0605293672838,1.69425563409,1.05549805098,-1.02545220259
Mqk7MFBM,-0.40607426392,-0.274201784434,0.528918935239,-0.643496204193,0.678655234048
Mqs2t1Eo,-0.481833812727,-0.214451907178,-0.493103313517,-0.327331316821,-0.608110050828
Mv3jFVxp,-0.300964917777,-0.117289698778,-0.216382589647,-0.083321095036,0.185242586891
MxODTXvA,0.0960113411449,-0.00807804525583,-0.0384173497118,0.165367788177,-1.11312869103
N46PbpPM,-0.339796506204,-0.34643668619,0.23234083564,-0.588294068121,1.54747323486
N5S5F9Gk,-0.491991642665,-0.0360430383471,-0.967005231258,-0.273557453255,0.708979017
NLDg5fqw,0.375651425352,-0.161742066058,0.428923057836,-0.29474799125,-0.154242750536
NOho2ZiM,2.26129830028,-0.116842387685,2.13136499988,0.642873616211,-1.0939476611
NUuY7PFU,1.94146528876,0.0843262701235,1.71007756673,1.45462590772,-1.26140408884
NV1e8AEO,-0.339423512546,-0.067478725583,-0.0678275222581,-0.515969478918,1.04297515257
NZLXROKC,0.157728519456,-0.00340510390266,0.341629646432,0.63698542945,-1.02076196913
NaJo7C6o,0.203326898677,0.181908326532,1.02954624423,0.12850266407,-0.323712978518
NgsyGkrO,0.247822497297,-0.23492016462,0.785796292518,0.638931348418,-1.26089483889
NjOx4Zpo,-0.498356619573,-0.277337611614,-1.25495036458,1.15547129246,-1.04523305559
NmQoI7x0,1.70954017385,0.260951089945,1.90902976417,-0.460115957541,-0.419867419755
No4wkdLS,-0.234914768592,-0.417124713261,-0.723241039138,-0.54823133486,-0.24004905217
NouMwhOf,-0.306552331621,-0.301477725351,0.470177436934,-0.427624392746,-0.663033211073
O6YAWd8C,-0.0917601510141,-0.325806848091,-0.0779487008957,-0.139888534082,-1.02264413685
OAXVphSh,1.25992925506,0.415157839936,1.48395298213,-0.0525241565007,-0.325413815278
OJBBhb6Q,-0.328508686032,-0.369451078949,-0.524350978175,-0.769979775843,1.30788420888
OSIQXImL,0.471002954563,-0.21916274038,0.574485079249,0.122733209012,-1.21088619315
OUUFc5Zz,-0.426499308666,-0.239444743281,-0.232268679512,-0.664242376994,0.73370123315
OVk1lquT,0.085763759915,0.248261874873,0.135883981441,1.36267155879,-0.137357229462
OXdRxjzz,-0.377320269472,-0.263829282994,-1.03028592931,0.3135863791,-0.790757980987
OXxW2ekf,-0.436469611749,-0.451936086035,-0.371969498826,-0.498974531844,0.165706499734
OXz5OpqR,-0.0776080893144,0.339096223975,0.955195630194,-0.452963059689,0.107234843044
OcBFW1AX,-0.383663382181,0.133234993553,-0.737871510789,0.071884669753,0.488376884528
Of9V2rpt,-0.0789164244565,-0.153215883391,0.351936473428,-0.00249430060475,-0.499706892782
OfLxPhbG,-0.27797435929,-0.0999184430405,-0.0625025345963,-0.22254237213,0.183009836882
Ojx2vi48,-0.237041317321,-0.321823221221,-0.717886824147,-0.569962262435,0.139178313258
P3M32iuT,-0.35595877966,-0.412351486925,-0.964800890548,-0.720847594502,0.273338533423
P7olVzrO,-0.391927926427,-0.186548010665,-0.216481130596,-0.336027127569,0.232849473228
PAPHErnv,-0.524873550265,-0.288635069158,-1.49512311541,-0.126622623185,-0.749249918792
PBjEtfXb,-0.275214745905,-0.0712844918435,-0.165934214428,-0.392278495787,0.630431361993
PZGpoBBj,1.6647970372,0.074264717535,2.27585690829,-0.562316263524,-0.991561971687
Pc2RrxXS,-0.494882884686,-0.384893283276,-0.170275795171,-0.592023169006,-0.310304070229
PcHQ4FOu,-0.442703877405,-0.130172969309,-0.39919886974,-0.250045259612,-0.256262461707
PeNyTOVN,-0.312028129239,-0.05053032071,0.107722026539,-0.299459138352,0.222444239292
PhUPSU53,-0.5053590831,-0.187196838519,-0.533627565237,-0.498462750315,-0.437038693562
PmUNeV2O,-0.251646751409,-0.419436801269,-0.973278059567,-0.54721549468,-0.151901455786
PoDJ0uvK,1.56883829848,0.373303840276,1.98192838336,-0.0734956705361,-0.668902405351
PsUJdJdg,-0.305018636204,-0.180623698152,-0.204616946875,0.554553337526,-0.518699889434
Q3xLFx1f,-0.391425735589,-0.235379832562,-0.927075081843,-0.261977865426,-0.499533214325
QBGxCvdM,-0.100985752953,-0.281573961262,0.154304787996,-0.24097454781,-0.878983353555
QCEPyu6L,-0.504433855984,-0.26696735179,-1.12675421368,0.197230798265,-0.794511204294
QEfwec4s,2.82498443567,0.21583039165,1.82459069316,1.84497912854,-0.791309887078
QZ87Nnr3,-0.512153291071,-0.313577825591,-0.128301597131,-0.626139977025,0.794195826373
QlyGN9jv,-0.32889340302,-0.116365674054,-0.62436917788,-0.376371223333,0.128383643307
QqgWE1ny,-0.377979191566,-0.131047989196,-0.220603029254,0.0878318951705,-0.807426753277
QrjjBpZd,-0.482942528339,-0.325348595487,-1.3814805165,0.94027343139,-0.908020240089
QsaBiX7V,-0.384918507846,-0.155379098066,0.0681368005194,-0.0656275097394,-0.483672354547
QtBKJuZk,-0.428858944094,-0.173335867528,-0.185253166087,-0.535170923399,0.277533866508
QtPRO8OJ,-0.472099425058,-0.295900546863,-1.01964104067,-0.622236951404,0.138846014215
R8XcsFnp,-0.290301039184,-0.0730447751062,-0.0912863722835,-0.368990704723,1.4126642883
RROfRt9z,-0.263001737282,-0.289681994758,0.257410116774,-0.0123380222408,-0.980448529712
RTcbiDGq,-0.513175430222,-0.381884722153,-0.634177508171,-0.455211303885,-0.264286160227
RVidM9g0,-0.0800528564022,0.0241718643853,1.19252891175,-0.707485264421,1.02732023662
RZnQSH19,-0.423051103918,-0.166583976053,-0.413331114774,-0.692593373246,0.889374625101
Rc4UK7fT,-0.475757399887,-0.0304629867991,-0.735869909645,-0.144501201293,0.37886996897
RcKBKh6B,-0.341327739808,-0.0602733388526,-0.323286381998,-0.327547941174,0.500219632516
ReM5kDa5,-0.106859174607,-0.174376090381,0.0280469032261,0.125414996639,-0.847860944796
RfntsotG,-0.405399877519,-0.281028770929,-0.468388131971,-0.777619786732,0.574743738198
RiXMlzXD,-0.364603261389,-0.344496674671,-0.114936529626,-0.451351814607,-0.459833364209
Rik83O3m,-0.414768502881,-0.162223895338,-0.436640427204,-0.375873575589,-0.372112547297
S3PCzDzO,-0.222415299387,0.0549831046898,0.809427998089,-0.723487594621,-0.0194644895333
S77BviOJ,-0.45315348067,-0.126177583576,-0.305517357352,-0.295744572195,-0.195792022808
SDdvtktF,-0.364399316422,-0.237251397551,-0.823265619626,-0.171285954011,-0.62276344315
SHs1AyfM,-0.398467520185,-0.116275732624,-0.20039211226,-0.414581428973,0.531693605527
SO4zQy9k,-0.32885739918,-0.160563867631,-0.365937429734,-0.49322731601,0.405883472097
SOOBCoiG,-0.341611795266,-0.231625247277,-0.229016020071,-0.602748011382,1.29731176807
SXkkPB7A,-0.28202523581,-0.0327646295528,0.526130747725,-0.396247126681,1.32088291924
Sa93dGqq,-0.369930190708,0.199158112416,-0.692453429432,0.453339526993,0.598777451005
SonIG72a,-0.288317821482,0.0276219594169,-0.519134986678,-0.214340478159,0.187578303292
Suf6hIBc,-0.316970545885,-0.07660072224,-0.0712054010872,-0.489074486452,0.811615630821
Sx2JeSRz,0.141449894773,0.0634675563876,0.515633820237,0.373578047122,-0.520731718358
T1Tlftr4,-0.220797559132,-0.0127292809397,0.672967017277,-0.67229688292,1.2713798879
T7ulR4ci,-0.427964911047,-0.24527817836,-0.00951026108654,-0.789332653032,0.888146013276
TA1NB3Br,-0.266255362861,-0.0293402742004,0.00799868622612,-0.408310171608,0.601487057812
TFZUskaK,-0.104054146498,-0.291437187361,0.162052291006,-0.411855844706,-1.06043635398
TNL8HGWZ,-0.170022621895,-0.267924955892,-0.127667306251,-0.171385920322,-0.85560153352
TZ8z1GSF,-0.355031055014,-0.285112882211,-0.910053569956,-0.351010032059,-0.16562904526
TqhRvkJJ,1.32082315063,-0.213386680585,1.63955289842,-0.644924415616,-0.437302192471
TtJCUiY4,-0.3588694157,-0.22553316717,0.163310669663,-0.683617472583,1.39478347434
TwDq0lua,0.164642191098,-0.188313451694,0.273079842122,0.1198447785,-0.840965304113
Tzyf02sI,-0.316011004603,-0.160324359378,0.247112934647,-0.511117786873,1.08783782573
U3yI6ZS5,3.01270621728,-0.0160873419061,2.04761628557,1.61470672917,-1.03861960131
UBLnXZAN,-0.508029106665,-0.250633283827,-1.54275691124,1.41489758423,-0.777199826717
UBWDzleg,-0.411787189374,-0.33477807,-1.04443399254,0.274844557408,-0.971470111112
UBqkX6SY,1.46190452434,0.191721352714,2.12491209173,-0.300935831635,-0.960628797964
UCIAi1Aj,-0.422286264795,-0.399733741626,-0.769935643531,-0.414697652161,-0.469785538156
UPbXGvCS,-0.0241683415659,-0.344701943473,0.0973287171078,-0.0753409342644,-1.01466238363
UeWm1l9F,-0.351468170177,-0.0565424310519,-1.09526664446,1.05105889512,-0.460806616752
UhucscY7,-0.182751193387,-0.285649313319,-0.612537607898,-0.655872751698,-0.368053175171
Uri1SvHV,-0.078205068744,-0.27609097472,0.0276947040847,-0.0390610712712,-1.1154767256
UzxipGJS,-0.428832377091,-0.310021887226,-0.483247858087,-0.468498967962,0.310836783935
V74zfaAQ,-0.197234292968,-0.261167803942,-0.214425308614,0.0369330941492,-1.09518322302
VBPxBLTh,1.77506221251,0.0805389430235,1.81965123868,0.834453964833,-0.999928782583
VLG7CXYS,-0.302474473148,-0.0246942431726,-0.0564833096021,-0.197275683583,0.398104880522
VNk52SpF,-0.53102320916,-0.455214726524,-1.22443468042,1.41396965765,-1.07208915367
VOREKsok,-0.382952388982,-0.0549367403431,-0.588795495756,-0.715933659983,1.58620957464
VRhTr5pX,-0.3458885968,-0.43467946197,-0.300124387543,-0.609439972448,0.0892122146064
VTcG4Kcw,-0.196217326314,0.126431392618,0.68277737415,-0.450073097099,0.961399468529
VeKiWSbS,-0.295209051081,-0.0816777286209,-0.17562862169,-0.398163124943,0.565529900482
VnU8nJHU,-0.482968353369,-0.254463157734,-0.0357543664401,-0.395955595768,-0.32748143544
VueNCxYv,-0.47604626671,-0.24781887805,-0.689361763556,-0.347534843944,0.249348928082
VxuQTRUl,-0.461601747385,-0.299425595357,-0.116612856349,-0.414405446388,-0.382995258415
W5lgaocA,0.963407958968,0.405249681062,2.35190978488,-0.522296074487,0.0768967058686
W5mMq9Ef,-0.457737956803,-0.0804584730126,-0.950798518447,0.317155775236,-0.00561853787681
WDhNqFpS,-0.00603575427358,-0.174874075192,-0.173636132498,0.794734871458,-1.26941206555
WE6n1kZi,-0.530540756265,-0.183859354053,-1.49304189512,0.50929782137,-0.520566035466
WFk6r3vA,-0.474923200099,-0.0951644361019,-0.398628968776,-0.32254512064,-0.173946181952
WFyIrsUR,-0.507997023044,-0.443790382706,-0.85886661552,0.564101881613,-0.686000833243
WG6ZAsqR,-0.442407921461,-0.186855467804,-0.76010312107,-0.775084651626,0.946081889836
WMq3CZQk,-0.53752025083,-0.36623275866,-1.37127563733,0.638574634817,-1.17968604802
WRskmGjh,-0.393571872136,-0.21955364682,-0.65264693302,-0.349791414508,-0.457208335569
WXijSglj,-0.414741649615,-0.240293618561,-1.33139694291,-0.235349731511,-0.532971909706
Wc0stQgu,-0.405854626848,-0.235074936446,-1.13930039519,0.497008733394,-0.958406932775
WewoSCUB,-0.289276840274,-0.394928757436,-1.09957012129,-0.68337053854,0.308201530635
WuHuhHWJ,-0.326827982473,-0.162692754421,0.0604507060316,-0.58913473708,0.729516889452
Wv7EBtZb,1.13802086559,0.265781619471,1.78294251044,0.173988236255,-1.06993531928
WyPlxDn0,-0.343755832075,-0.169296041167,-0.198094503833,-0.571110026989,0.782518028324
X3WqoSNN,2.34055234133,-0.150369265909,1.71804346175,0.784253297494,-1.35508008843
XDhyP9KB,-0.538260537775,-0.210259372447,-0.512954064748,-0.161164482167,-0.549429668734
XQxhDRMG,-0.367827658165,0.100030147297,-0.648248386184,-0.0499550303561,0.656628745742
XjLNAwxW,-0.214121911648,-0.248217698486,-0.151360858346,-0.144355387158,-1.09653917933
XjfVQbXd,0.381812631837,0.508495139977,1.71789027658,-0.392193408313,-0.543923181896
Xovczbf6,-0.427391692355,-0.111721903304,-0.679916638093,-0.757982012425,1.59133789191
Y8H4onBf,-0.404548302492,-0.456408297485,-0.678426668255,-0.612003173038,0.12547259018
Y8YgzSZ9,1.71103879901,0.272207857324,1.97734910572,0.617774510439,-0.547719951675
YC4PNV20,-0.451915251587,-0.208028421369,-0.353493069725,-0.727042842699,1.18773457554
YDHSCRdd,3.0510915145,0.0770476633873,1.65940333855,1.92039937612,-0.708206880208
YIJ87aME,-0.381542123296,-0.14004054302,0.121472215344,-0.358623634005,0.26623751798
YKvT4dFv,-0.413736568376,-0.161984614475,-0.802253511964,-0.133436010365,0.0854922666412
YNebALR2,-0.458297620136,-0.0712617069637,-0.789503663157,-0.288512467028,0.279695902573
YNrnqFyb,-0.305619569467,-0.123212146631,0.317155365343,-0.360137837606,0.0165443270216
YUZ4lR3m,-0.416221728161,-0.141482260209,-0.462137566532,-0.358439383977,0.29321501951
YYLvjoVC,-0.0293813807282,-0.0357132427597,0.493526718522,-0.284285531583,-0.41134930046
Yb8OtMb2,0.103682439274,-0.24254273567,0.312460517085,0.2137215405,-1.06814027122
Ycg4lTYw,-0.464257605604,-0.397910535836,-1.30442632639,0.245392991322,-0.982435648177
Yfk6tekH,0.111255799043,0.0796952250796,1.27435320906,-0.621928371804,-0.379263645877
YoSfgmR6,-0.479711114336,-0.121471126357,-0.359818993869,-0.294824970169,-0.311333001619
YpzFvexy,-0.361911670681,-0.212274115085,-0.809452261085,0.0660360526905,-0.548110705492
Yxqppfa3,-0.238292759806,-0.34072773063,0.199566100314,-0.0847690133186,-0.78852339229
Z16jTUvP,-0.43420512738,-0.256567884876,-0.717534952052,-0.0261904512271,-0.113403273526
Z2BdCCbJ,-0.310271392489,-0.0376632241085,-0.110667770566,-0.449847459871,0.809948852165
Z2JJMM6V,-0.358125340482,-0.242848763125,-0.0537113344206,-0.300870081301,0.294544031263
Z5jE1OB5,-0.319849956224,-0.188642470804,-0.0300263627826,-0.208430874524,0.152704538681
ZFsIqYxA,-0.405902725018,-0.119783904268,-0.272626921901,-0.185604637412,-0.299620537368
ZHDVsoRh,-0.471780618585,-0.310945229768,-0.85665683378,-0.169836155299,-0.550653722348
ZSmfu2Fc,-0.416226496793,-0.242911045045,-1.04908454343,-0.261677505143,-0.207889796624
ZU8YXF3H,-0.416925229433,-0.106159012884,-0.525994388208,-0.74645666908,1.29288927149
ZXKaNy6Z,-0.537911937476,-0.225554846112,-1.04274240749,-0.633301486079,0.27610488091
ZbYLo0zK,-0.249595660812,-0.218410495878,-0.156000092728,-0.577885550297,-0.106497039584
ZedN8Gcn,-0.494290406012,-0.333302620592,-0.257023328643,-0.608687429682,-0.231468552365
ZgD4Dau6,-0.228634815064,-0.259573327884,0.381976931331,-0.556260122565,-0.602054960714
Zgzf79LA,-0.340496293066,-0.473779037013,-1.00712191132,-0.685352607047,0.0888071229268
ZjqzxDOF,0.242995406167,0.304267890892,1.83176355916,-0.722270238823,-0.102341117156
ZsZ5aDpq,0.00911642909101,-0.188893292984,0.219352466239,0.903516375607,-1.14634834946
ZtyqE7If,-0.30806576472,-0.284291190307,0.1439327047,-0.238917947522,-0.829338901007
ZvUgz01f,-0.261739027859,-0.0923063492178,0.486926275378,-0.758782939396,0.989047199651
ZwrhgdQV,0.555581447164,-0.109778178151,0.986637380767,0.985821027165,-0.768718062544
a7bhJGBU,1.9925859147,-0.0629402271138,1.70606329272,1.00861637661,-1.03138374383
aHpv6KzP,3.07572035928,-0.133790186995,2.30790692108,1.25256107475,-1.08443484726
aINzEBVN,-0.232885882632,-0.492352285566,-0.520421384395,-0.488111632436,-0.718327424112
aP9EtTGF,2.29839677954,-0.178509198018,2.42293398821,-0.494812437877,-1.04138493355
aV6EhtSL,-0.423397758813,-0.217013186411,-0.336913410983,-0.493810689548,-0.201631838717
aVZsXKoH,1.6646976795,0.0389588596241,2.32081240087,-0.616657147788,-0.924097004719
aYVnVJvc,0.14614759329,-0.076876067148,0.109951270188,0.647364697611,-1.23647577919
abCzN1zx,-0.480357104102,-0.292957315722,-1.27317115423,0.480694984518,-0.975334365778
ae7sMiB4,-0.2366204142,-0.078069312454,0.360815667916,-0.293585655356,-0.302150329317
afsVuCGV,-0.406830575274,-0.128114355967,-0.93330548352,0.156988240403,-0.174499789992
aiwBQETI,-0.0880876565447,-0.228476051403,0.103430912689,-0.0646910351448,-0.892554095341
aiyli4EI,1.82093215944,0.511874973281,1.94355564853,1.28850533555,-0.678764500381
apJ7NmzD,1.90496385539,0.162737805899,2.40993922231,-0.259986026646,-0.852150445951
atVjNMtQ,-0.456854475268,-0.421482324356,-1.13515601204,1.57462516495,-1.08408131165
b5GirVGV,-0.442352459927,-0.346436394522,-0.492116808171,-0.713509868126,0.364960455882
b9SpMjNB,-0.189566587915,0.0706259119327,0.253608289046,-0.180209841278,0.745589661879
bAFs37yy,-0.379234913427,-0.210132476913,-0.298886291702,-0.672237457218,0.855798673584
bDia1hHV,-0.494785511821,-0.301576708935,-0.0399123110352,-0.0642110666254,-0.845829321128
bFkv5Mtr,-0.142858885267,-0.00283038974974,0.307039819576,0.280720787886,-0.288564658311
bHe2IXgA,-0.57020285301,-0.393639015022,-1.44449254381,1.79036493376,-0.990496515575
bWX3vUm5,-0.00985278973335,-0.120041341809,0.154882028004,0.230190786633,-1.06010775858
bat8tcGs,-0.266573063598,-0.444980797605,-0.167883238811,-0.249912826344,-1.14548127973
bfjej4wu,-0.40404727344,-0.219404183734,-0.595594314618,0.165756455596,-1.00343381075
bh04YDiP,-0.377821789244,-0.262806570811,-0.7270191464,0.115743609,-0.320653255623
c110Fdc8,-0.31426560489,-0.184836961403,-0.234703087612,-0.383190642816,0.206875123675
c32GUzMa,-0.403937745613,0.140541081053,-0.816976796819,0.0388272874953,0.517074361774
cT6uU0B0,-0.468666497204,-0.111111361643,-0.565011878491,-0.366361836225,0.955032198636
cWXCiFwh,-0.406457101054,-0.183074410216,-0.562397584145,-0.360333391033,-0.48706308431
ceNvS3yd,-0.495727803499,-0.147050995483,-1.12418449514,-0.090011418037,-0.119192954351
cmwdt4Av,1.62241645894,-0.0519186796058,1.81671543587,0.289576891213,-1.02008195992
cn4EHsup,-0.456408547253,-0.200891207133,-1.07792549211,-0.0427519690648,-0.373187679487
crVOGGTT,-0.281068019084,-0.16090687606,0.304043322945,-0.521344135032,0.771767845651
csPEJ1E5,-0.280379772909,-0.281412482605,-0.413206670696,-0.422192561769,-0.332601404725
d0UrRtMk,-0.388225122742,-0.207475534284,-0.293552944239,-0.763409852288,1.35215753486
d6LU4G4I,-0.304193145606,-0.109028482384,-0.455179672956,0.348671151472,-0.263543149146
d74T1DVv,-0.51555152153,-0.297086305308,-1.21171894269,1.35306476602,-0.97415806749
dR6rM1tQ,-0.0796654589672,-0.472107384294,0.325156920467,-0.19604683703,-1.18889475684
dUNxOoqg,-0.447033738925,-0.196882460563,-0.756339111485,0.0737634515554,-0.745300090863
dUnlyhj7,0.21865731918,-0.025623973007,1.03189471839,-0.693995556867,-0.0137843999726
dVDlnZQ6,-0.409027977471,-0.343339563226,-1.15835677194,0.132551800329,-1.25970710112
dVT26GDu,-0.274511676093,-0.176936229896,0.188982298727,-0.436907273814,0.456322049739
de43ycXY,0.175691675371,0.185998271872,1.48883829199,-0.878827610914,-0.126559157593
dfIn7m9z,-0.497272435626,-0.334682729601,-1.04627380795,-0.172221981344,-0.351104903857
dhmb9ZY9,3.12067351542,-0.134716577999,1.88327431042,1.09701340956,-1.03449459359
dn8kCuyf,-0.44001714533,-0.201586143897,-0.58171874718,-0.631351109732,0.286389583147
dpcquvWW,-0.411229975955,-0.345284692126,-0.485008421144,-0.442401781782,0.00545656328463
dqcbIMyr,-0.486972755662,-0.0515132415172,-1.23173746427,-0.233096906374,0.0287391550513
drWgsBf5,-0.392809032343,-0.104018124954,-0.403979718751,0.217357963118,-0.645264317412
dytx0HSe,-0.440618599255,-0.121150483749,-0.935545278633,-0.766389899577,1.1567148959
e4KkkIha,1.35189875472,0.284505301185,2.01720172602,-0.503758905809,-0.811554729067
e9YorH4m,0.0984993774416,-0.269691459054,0.640411962621,-0.8436180341,0.231313184208
eB9gVQ0R,-0.0779650600146,0.0110747427097,0.310071120814,-0.345680919573,0.936672189575
eMhLFqU6,-0.424386179462,0.0430623368488,-0.815614785326,-0.00725800625059,0.198271790742
eMllg1qm,0.47315822067,0.189687594824,0.913634403656,-0.0271349097299,-0.814931076511
eNPunZ9i,-0.356579730172,0.182704164312,-0.81045112081,0.453154706679,0.236374697659
eS5BSM4J,-0.424797732928,-0.194417791165,-0.332086105389,-0.728851299371,1.06739577504
eVGMFoOI,-0.090069021928,-0.25162787388,0.47183751014,-0.91566893461,0.499425650093
eaIwb3rG,-0.166975479937,0.15415243931,0.449611076589,-0.200716572569,1.3487549522
eyzw8Vis,-0.390842061982,-0.0801279709136,0.0496030936534,-0.529897811027,1.40418874008
f04Ke2bN,-0.311458975096,0.06603351354,-0.705106426221,0.0610311368824,0.0674311815168
f4GA0te1,-0.326706574854,-0.294432783648,-0.424953622334,-0.491031392364,0.126668954716
f7bd91h5,-0.413040828936,-0.232495300322,0.0515605514776,-0.782228679693,1.1543519245
fB7z9ndr,-0.251119322139,0.00457084966946,0.628716380946,-0.426413006719,1.2799358424
fEe7AWFA,-0.390981978568,-0.317364692457,0.0871710598866,-0.402392217558,-0.930748751902
fJJIbgY9,0.289448549297,0.407464948054,1.51576825985,-0.72513749001,-0.637366517136
fQBURMvg,-0.360407774853,-0.0751253671587,-0.183316307405,-0.474608360588,0.772477239736
fS0HpOub,-0.376494114098,-0.253417868946,-0.360190156974,-0.609978947489,0.468733855605
fTDXauuk,0.332092000638,-0.160825003921,1.20761120547,-0.773359142632,-0.568419608455
favPNA2N,-0.2861239188,0.197380191205,-0.441178529091,0.342932962156,0.602476893534
g3Fv0U4k,-0.559189127944,-0.237807645292,-1.41618426167,0.409318412667,-0.745993407326
g5PKo2E2,0.238961552813,-0.214747435962,0.798988979794,-0.076452229644,-0.695777636633
gbjnD5fe,-0.37236363573,-0.369074424259,-0.674260180066,-0.576642941801,0.37663172978
ge9zqXCv,-0.620482830739,-0.285113176722,-0.745278126262,0.185025075013,-0.673145337105
geeqJpSE,-0.366600913157,-0.239052301629,-0.241319194242,-0.697538324865,0.789450986143
gqy1J2RS,0.218022702539,-0.188434576547,0.406329265124,0.0288829879126,-1.06488081577
grlUtS3H,-0.165800743014,-0.148783712879,-0.325257817166,0.667134055008,-0.445210571705
gx965KYj,-0.31443114233,-0.205763246096,-0.0661451272144,0.0408635414221,-0.692205938437
h3F08Vjm,-0.333451791991,-0.257452903543,0.184754733082,-0.503691082866,1.15170626008
h6FQG8Iy,-0.197547040864,0.051953586866,0.672237726177,-0.437283559043,1.26552023133
h7ftM8b3,1.5410977914,0.0712148818471,2.05091358264,-0.4179339082,-1.1196139166
hLrCHXZv,0.0574844184621,-0.255787196386,0.252747719565,0.107963021287,-1.01086136684
hQ6VBuFx,-0.0967636261176,0.0879468533064,0.385532804094,-0.351936850815,1.04625028808
hYoR2y7w,-0.543804475785,-0.223848085447,-0.402979056031,-0.144342768637,-1.04489820793
hf65yZkM,0.288946486784,-0.149443329853,0.523479534905,1.37054132483,-1.09661369413
hjuwe1x4,-0.277420118881,-0.139488615594,0.299186357046,-0.2748159989,0.172522047115
hyINlsFR,-0.196431578673,0.177496430973,-0.242359001989,0.0705233939355,0.992412517014
i0Qlm9Bv,-0.299593712855,-0.122972813652,0.107582783081,-0.548040750393,0.689148780849
i1VxfxMb,-0.364573219555,-0.127877564402,-0.00525007311195,-0.600177454081,0.862050739337
i2l6jXNP,-0.494098940225,-0.173697620407,-1.03898854022,-0.262318817819,-0.0393315536657
i4FgPZv7,-0.334856225711,-0.243402968159,0.223836946972,-0.64952187138,1.06929394178
i7XtIkSi,-0.46068293974,-0.237023905278,-0.257101248714,-0.352578994357,-0.33184316971
i9z346Ut,-0.373429113288,0.125357919793,-0.872079775122,0.68015945622,0.378059500939
iDOat4cZ,1.65597888273,0.325704149773,2.32931725006,-0.429442461381,-0.952173248608
iNv6RoSO,-0.225659239896,0.113817429759,-0.370901973406,-0.0396250086615,0.114639312483
iSL9NYzy,3.27410222097,-0.118353286342,1.99106856188,1.94180469667,-1.03477240829
iSqVc1r8,0.0899158143361,0.265085172324,1.43003033748,-0.774272600768,-0.0787162892384
iYZMftt6,-0.64261846144,-0.248198540346,-0.282739995902,-0.466932430399,-0.852862539355
ieTPaa3c,-0.417603389815,-0.212385497477,-1.05798032921,-0.156526458382,-0.306725479108
if7BmzU0,-0.353456924958,-0.236154734793,-0.286647020693,-0.689674068206,0.946754281161
ihNz5bmx,-0.276739023374,-0.164468671482,-0.680419627413,-0.020060661887,-0.591392275734
ikJXKdIN,-0.251154728246,-0.304409740334,-0.887591794586,-0.69416890498,0.693296706148
iq2kxikN,-0.155674095325,-0.302125996918,-0.249776661293,-0.181224603706,-1.00653518931
iuZEDJK7,-0.404183972868,-0.243226716824,-0.39825293068,-0.60787761524,0.662467845274
iyF8gVT7,-0.356924285229,-0.0892266533158,0.201359051129,-0.55302338221,1.43744215784
j06qdQ0V,-0.432165171586,-0.30661544797,-0.390019755339,-0.322596799709,0.0252928915461
j7hl8svO,-0.458521680919,-0.307323994805,-0.266021305029,-0.307945826772,-1.02817343159
j8hMoJUN,-0.200568940495,-0.395078104531,-0.775597523429,-0.484999264058,-0.25679214204
jNaFasbV,-0.532539677349,-0.334127690764,-1.26595132602,0.224459848564,-0.940438789968
jVVHeYHT,-0.351026977792,0.0071159273937,0.336860860879,-0.655918918237,0.557790534377
jXm4ySvK,-0.344884479588,-0.0904110005521,-0.144372378998,-0.361492435396,0.582802593164
juO5ii5l,-0.187716605734,0.159042954687,0.692501903688,-0.71878399737,0.118095788856
k2hdEBsU,-0.402070584323,-0.244786570066,-0.256949067058,-0.740629530733,1.03700098972
k3ynMfhN,0.0198908201901,0.235061696123,0.926387192253,-0.389409875786,0.207633002839
k9C9yBtr,0.0681151233544,-0.193394019032,0.271964082861,0.288755516293,-1.02793609526
kAKRvcRo,-0.48511296102,-0.391755017889,-1.16091619815,0.277042454733,-1.15655180564
kBi3R2oC,-0.34636842792,-0.232548431852,0.193996491205,-0.397263402974,-0.36909160409
kDWmnsXe,-0.314234405016,-0.220795562088,0.166551175461,-0.502594838413,-0.00926333390219
kSGBd2Vh,-0.341540106651,-0.226644173081,-0.232995199394,-0.65136736745,0.71930930045
kT0miHPT,-0.448104050456,-0.342133895082,-0.635881664198,-0.512130319922,0.134909041708
kaW0TfRn,-0.477409929434,-0.404065441774,-0.553135814874,-0.496735929598,0.154093731808
kmg3SowO,-0.426007600545,-0.0989302754627,-1.11161785767,0.471023685866,-0.439620443873
kpxKSlnF,1.94423758531,0.295037186031,2.01157685677,0.744267109194,-0.29106853461
ku2cn1MV,0.564814949195,0.0335080342627,1.59926070762,-0.237587340427,-0.37290672421
l1su5HU9,-0.376383239302,-0.150863034115,0.0948099812638,-0.42667093676,0.389606336923
l8Tg2RvD,-0.33334227601,0.0200788979235,0.591990707582,-0.648264004774,0.728999438235
lB6NsVOc,-0.374027859833,-0.241871881398,-0.20165434028,-0.702990469883,1.36858073521
lEcdVyKk,-0.371246231715,-0.0981583825686,-0.493470223857,-0.543209968286,0.922130045371
lH4TasGl,0.0150247859316,-0.0749343964864,1.14224077275,-0.872053093906,-0.480643538347
lO9aggHW,-0.102997204933,0.116224655229,0.301097985958,0.473590620741,-0.215068165451
lW3m9Vzu,-0.582740188754,-0.271036350893,-0.61414865395,-0.395608703794,-0.37205481496
lYLseGDP,0.193106108352,-0.258252908373,0.429029483436,-0.56849200872,-0.105353178298
lcOnCdZi,-0.178948093034,0.117510573733,1.02160133959,-0.826393574753,-0.141354548835
le9YGwON,-0.194729093089,-0.128490781984,0.599169542064,-0.260497484149,-0.197178088319
llMvu3TX,1.86875289214,0.128968189349,2.73768625658,-0.973696503254,-0.286440934535
lnHh2jFO,-0.000128545892508,0.162009275258,1.69449514558,-0.973933747571,0.120271489974
m07CVXd4,-0.249024096071,-0.220833258341,0.714867592939,-0.631719384317,1.39231079771
m1lPk91z,-0.317569722621,-0.208410230974,0.365418212783,-0.685627010339,1.14813835211
m9IQdmwa,-0.433170967188,-0.256784157761,-0.438846390666,-0.695425481649,0.593839425785
mG9BRy5x,-0.440319600965,-0.125942217737,0.0350579354234,-0.27844218509,-0.0331548096708
mVHXnama,-0.212336202793,-0.465295237357,-0.660319773857,-0.49430694041,-0.572054074858
mXyrR6nU,-0.459983606954,-0.235753209231,-0.630697413557,-0.527476935754,0.549997373017
mbzNdxNc,-0.332412731522,-0.177190085908,-0.545884838946,0.25732475931,-0.699214179603
mntH7g3L,0.00827929556251,0.211636629913,1.40035285148,-0.897672783026,0.132777851048
msRTXP3H,-0.315182092313,-0.122088906356,-0.108813366698,-0.216331330038,0.313647456363
mxBjvIPR,-0.45812460378,-0.411332799933,-0.570751407878,-0.547341707869,0.200971686429
n8Opmfbz,1.40376188864,0.358667579208,1.76485919792,-0.174263823602,-0.482166435741
nOkgU29Q,-0.283954276963,-0.064166983256,-0.607070066907,0.240670470808,-0.735403879924
nhttf7VM,0.0232793988672,0.299582746709,0.742646915809,-0.0520709452247,-0.157928940378
njLbXYa3,-0.373814349292,-0.339224955644,-0.33059780865,-0.49972998672,-0.45306858764
nwkIpzmh,0.313370367401,0.163087142292,1.0380934064,-0.210826240376,-0.618588884728
nzB1R9Zg,0.0734956980355,-0.151263493906,1.08638952256,-0.916967499221,0.190718664915
o1rZRI84,-0.273013906891,-0.156305028728,-0.578591306802,-0.691404091867,-0.202683254067
o7q5Mbty,-0.257374347226,-0.306307717123,0.209324591342,-0.263923150626,-1.02697532824
oCBvysqB,-0.442075106756,-0.161854205899,-0.379926719664,-0.423950401864,-0.446939607063
oDmycTPH,-0.266347605066,-0.302997027092,-0.515577357507,-0.664220451923,1.22805800611
oFAXZvQv,-0.452319786491,-0.144179117398,-0.484580491511,-0.236810623055,-0.396918115169
oHE3M1zX,-0.17271484886,0.0376636249484,-0.410242462513,0.733456039931,-0.388764618464
oMhVmSpV,-0.532556042786,-0.165777504046,-0.978591251675,-0.375932310026,-0.521442863412
oNsDqVbi,0.0563600552771,0.458952143822,1.53278526203,-0.698508684333,-0.308352077794
oYAJqQk8,-0.262721089922,-0.488366954027,-0.73232673974,-0.779395410778,0.419289781678
ob5Kb6dW,-0.39467665779,-0.108216146647,-0.752252163015,-0.607528771873,0.9777640299
obnzqs79,-0.263030642507,-0.451296486038,-0.952625873029,-0.605209161696,-0.124614001501
oncLcgRP,-0.446528448882,-0.244104308781,-1.00496953481,-0.0802765000788,-0.226989616924
ooWVYaAe,-0.390949083688,-0.321798228794,-1.24389925336,0.578039121448,-1.30757885772
osdyOUnV,-0.391729427018,0.11634796491,-1.02588629551,0.361678270325,0.100522104109
p7H9CzCv,-0.318496491566,-0.170180315363,-0.850859645508,0.326080371568,-0.650740021947
p7U9hVhY,-0.347975432279,-0.0927737577976,-0.314152251239,-0.497503025274,0.530911428778
pE6Cf1RV,-0.245905935173,0.0406207213476,0.455236922035,-0.503569029236,0.96408566934
pI7qzotI,-0.0220453463414,-0.0693858078382,0.181657173746,0.232853823786,-0.597067892352
pJrIA4sk,-0.387947533046,-0.428866919695,-0.42250374098,-0.537367359404,-0.147556421701
pXne2CLZ,-0.466063145939,-0.42547840262,-0.989224395663,1.02265902189,-0.85526066276
pZMcDIOS,-0.450191351725,-0.323185580838,-0.580764207085,-0.687442259619,0.498346458296
pavfp3cc,0.167927372121,-0.292570272312,0.636317084465,0.0155153769474,-0.742957805478
pbQdC5L3,-0.614841357187,-0.402598140758,-0.526775878636,-0.731033996518,0.372711303631
pgj7aAFP,-0.386116311976,-0.242810694789,-0.310933477818,-0.241184791529,0.394814394836
pxg8G3ed,-0.16371211646,0.0683884457465,-0.170715164891,-0.264088430677,1.10869001324
q36Npk6l,-0.315852504846,-0.398198364365,-0.695403113894,-0.761575904855,0.889522507111
q4aDOVvq,0.52041872692,-0.094645457632,0.731677445285,0.348131702609,-1.25551532153
qGmfR9CN,-0.307421021004,-0.0927714133299,-0.48115158679,0.424055217811,-0.605206209542
qJ51ODpA,-0.471346654681,-0.111553793197,-1.27390405396,0.500369376358,-0.361567221002
qQX3cs3I,-0.103819126071,0.264555912263,0.796229106635,-0.703225317242,0.0282489036646
qXeIxPb8,-0.378407591988,-0.118188404196,-0.255299992021,-0.458406822483,0.739021748604
qYQ4MShM,0.0452489700262,-0.190334183139,0.126443636401,0.266662698556,-1.15401164691
qa0etnhK,-0.0606211150791,-0.358826575496,0.353849036141,-0.11382775421,-1.06209957918
qbL4sboq,-0.486529745278,-0.0531641763434,-0.282541693406,-0.688466500225,0.445157035981
qbYrsWHq,0.468780186908,0.291212046071,1.81205055103,-0.148752279765,-0.0862658580221
r1zmcUqQ,0.501111345633,0.0204725171214,0.68664222387,-0.573749776765,-0.774442090468
r54iHeQC,-0.339125194592,-0.138318057015,-0.193070893493,-0.571050217736,0.802028502668
r6xrAnQV,2.55280941133,0.147485208669,1.99839134447,0.144238266249,-0.100689657409
r9HxnQDg,-0.225026920135,0.0557166837978,0.48274038335,-0.246420982138,0.513417717404
rG8Puuf9,0.835151014419,-0.0228099808268,1.15750232001,0.415333220805,-0.714608765938
rGuiefuR,-0.403763104312,-0.355641943989,-1.03325445769,0.0306085564799,-1.10538128852
rJ19OhGP,-0.399157341328,-0.0612169356527,-0.394257831478,-0.599118743856,1.12909255547
rOCYepHd,0.0574628851696,0.00151914751015,0.846445507881,-0.571135839317,-0.527547188487
rQJaOPFI,-0.190312928367,-0.0947778909146,0.353051213077,-0.339861444305,-0.103110547622
rQhZtZeh,-0.21086202928,0.0260443096516,0.668798703775,-0.639819360174,1.20805880897
rapmok0w,-0.492668618826,-0.141229270015,-1.38068464976,0.140609144187,-0.274733099433
rgzfnPVu,-0.259869620267,-0.00357577779456,0.782479478124,-0.716944645709,0.249769615204
ri4qhb1S,-0.401075215731,-0.224400275365,-0.248136471958,-0.519946976042,0.03787639444
rqpFYzff,-0.444315135975,-0.310389857659,-0.0537534632167,-0.666661852499,0.38645201471
rrs22coX,-0.302144995961,-0.0891218815343,0.351140631735,-0.303683960109,1.18751587968
sEeUCQLc,-0.432559192912,-0.179205656099,-0.762392397476,-0.426331862766,0.448652216007
sHScwqQl,-0.353764016153,-0.194983508763,0.442984142241,-0.683024182213,1.47856500731
sNC7DiAt,-0.470082514119,-0.240399512737,-0.256878113726,-0.762604976099,1.24123807366
sNK2TSs3,-0.362529637975,-0.122902196901,0.49316547099,-0.397371815874,1.09913138252
sO7Su6uw,-0.496776564178,-0.1601148311,-1.33192411047,-0.118552779563,-0.0990070082035
sOWZx89o,-0.535015517297,-0.233276077136,-0.847361835467,-0.629346537629,0.993542594178
sPbRcPjC,0.0304630223373,-0.144014978887,0.597861629051,0.191979248419,-0.795294827289
scVUfTKI,0.0676468370843,-0.0330892845098,-0.0418515550167,1.21038159968,-1.05455438589
seRaGeVv,-0.474914373433,-0.0759447703704,-0.0742805756429,-0.534002299849,0.516704408476
sgtwiYWi,-0.503559963596,-0.23729604622,-1.15420211117,-0.0456593301477,-0.529253259098
sjmLHcT6,-0.382634850697,-0.345735516748,-0.638150169192,-0.647184084132,0.339965782714
skZUZZGS,-0.450339466732,-0.22851580381,0.0752013217318,-0.477888985901,0.280361113375
suAmzADX,-0.544504430157,-0.244337773469,-1.18379522923,1.59072513597,-1.04803008926
t4GWLqlO,0.432870395269,-0.206148266045,1.06355289465,-0.462309860713,-0.242265185577
t7gy6Jyy,0.247147420889,-0.192102861423,0.824354262751,-0.65006707441,0.0307756947187
tBadzH60,1.96425116563,0.144740744796,2.45516750302,-0.429039328335,-0.727968422846
tXUWm0hp,-0.247778354996,-0.177857647813,-0.600676192901,0.609271907293,-0.448100507202
te6UPPxf,-0.465000778975,-0.22291429173,-0.643417572892,-0.265352319516,-0.692597328375
ti2lamkL,0.095174615458,-0.0192493263677,0.677756690025,-0.354559293309,-0.625850323816
tr0lpwuU,-0.35036496826,-0.439769517124,-0.765511114575,2.00222353377,-0.778055846047
ttdB5C73,-0.398438844747,-0.105189597799,0.0239682028593,-0.415304602553,0.25506341411
twS8YZu9,-0.338513414586,-0.143977030999,-0.573904707028,-0.479453052408,0.0883372411927
tx68W34H,-0.511264855732,-0.279639928616,-1.21670406254,0.660075938364,-0.848161295117
tyQSX4mY,-0.243541643532,-0.0260359994616,0.429061057755,-0.783295309237,0.0728947361941
tylKCRc0,-0.4108633236,-0.309037670569,-0.349805186029,-0.431687445971,0.218965027054
u1544WUo,-0.472536981109,-0.211908472174,-0.712224239243,-0.631586827623,-0.00109764656372
uAw9an0d,0.18433866028,-0.242359073987,0.522406809893,-0.292946127301,-0.593308212751
uLZAEXMG,2.11024761035,-0.0495163739359,2.25769701824,-0.108817042699,-1.0983336903
uMwe1s7I,-0.61225865819,-0.393851566464,-0.941368012276,0.637403287081,-0.750330310557
ufhGeV3q,-0.523340937637,-0.295418089095,-0.283555918303,-0.683456982422,0.619496910522
uhAeGBHo,-0.391496398769,-0.215881777495,-1.02827923411,0.148768670754,-0.715199568724
ujHNlqpw,0.985811208358,0.263787898904,1.53292599621,0.0862919553477,-0.931137942505
ulV6kuhB,-0.272811399032,-0.0690568424212,0.0500376479815,-0.45117633343,0.673637495651
uohEnNEK,-0.450776375304,-0.359900358443,-1.25279716006,0.56587033184,-1.15848173141
v1lhA8I4,-0.346479649216,-0.283762389749,0.187623956637,-0.655128022579,1.43091838733
v3JzigLI,-0.320918077245,-0.498461124109,-0.833273832562,-0.783620581225,0.332999099782
v5IwjyIg,-0.304789531468,-0.168086800072,-0.547344180917,-0.44344485353,-0.577426945707
v6lp5TK1,-0.284060596294,-0.191610123351,0.200545563297,-0.660971555861,1.02461215047
v8vOaaWq,-0.47975342053,-0.0825754981016,-1.17583787546,0.188858395417,-0.0155129560114
vAYKtoil,-0.606206431926,-0.234347700501,-0.598375572651,-0.524188907953,-0.830462194913
vGTNQa6G,2.44983041321,0.259721987202,1.97125995806,1.04682042693,-0.439381124043
vQzNxHoL,-0.438601245177,-0.244329204854,-0.360415981684,-0.516190485307,-0.74210545273
vfZGBUJm,-0.277602744476,-0.262333176018,0.151814987512,-0.240174772044,-0.390976839137
vlooVUoT,-0.116041666468,0.119210555445,-0.347564473103,0.704498486583,-0.688642823246
vrACvd4O,-0.439229262761,-0.345902258169,-0.0203811115688,-0.467698571461,-0.459440620152
w8hdjLwb,-0.405856737572,-0.133369446224,-0.0640538705747,-0.565912024244,0.581781212954
wAntv4gH,0.0661613080739,0.21425469664,1.71151062983,-0.644027604327,0.529292763217
wIUL09q0,-0.3389129525,-0.458173177476,-1.13177267901,-0.734765822242,0.171546066473
wOzx7Fgz,-0.431703890361,-0.457714877689,-0.255603479956,-0.551158299319,0.0474981771351
wPhjhCJQ,-0.402284024818,-0.0883473229076,-0.574362567895,-0.653136224919,1.24991208472
wQSWWmYB,-0.423453803971,-0.227370247267,-0.243161511945,-0.480432658028,0.227841983183
wdIMrXwy,1.64424327556,0.259590887692,2.66605891012,-0.855619917896,-0.41648817105
wiL9npQc,-0.37690647618,-0.254132528324,-0.586209361749,-0.62728484118,0.601417793378
wnU95Cxn,1.42224619188,0.209016558699,2.08428852801,-0.692686160954,-0.900203495113
wpJbbjJs,0.0754101549761,0.282199435096,0.74405941703,-0.130345064479,-0.349102633042
wsOWTAbI,0.896399874325,-0.147840843584,1.12502280926,1.26155937258,-0.886790765946
wtdBcU3U,-0.266617488023,-0.415326873825,-0.511935239468,-0.697318747905,0.0668072459839
wuKXVxOc,-0.34135193724,-0.018171381568,-0.576971754909,-0.313053170567,0.763604616347
wyzadAt8,-0.367239075507,-0.119376823169,-0.462200477151,-0.585694098695,1.07267847981
wzaKzYwi,-0.203817019196,-0.371440685576,0.394481598056,-0.702250282114,0.951340871895
x6GCk4EV,-0.271493458114,-0.129015311884,-0.113947210502,-0.453829451164,0.688624904442
x6lUi3vf,-0.0156269046992,-0.366236586888,0.21271777988,0.366048365078,-1.24515492289
x8mwDHv9,-0.367434272775,-0.25408722528,-0.404075077486,-0.406472171619,0.0450165011842
xIYm6puH,0.817974731708,0.0223299932629,0.391518348372,0.680417944476,-1.24843475124
xO6UdpsK,0.657646638523,0.0303296395868,0.564342627712,-0.23190871971,-1.13289700737
xQ2bkOvj,-0.511028270262,-0.402021546743,-1.00605904071,0.356826692692,-0.836675407582
xeXyDCEQ,2.861098532,-0.133000742306,1.99009565603,1.47449340941,-1.24978897698
xrggHziO,-0.251564528289,-0.23378450576,0.376444299152,-0.60821037548,-0.0548259564111
y1WMCmqQ,-0.440123282889,-0.278546094167,-0.847665510788,-0.574459623926,-0.0889260407279
yDngezhM,-0.126000862227,-0.456470939427,-0.716776342045,-0.60428505025,-0.253818256888
yLiFjMD0,-0.325252062152,-0.235022366897,0.25940465387,-0.585495314563,0.785451255442
ySwEBO7w,-0.51134021715,-0.188176673953,-0.627186968373,-0.0862446362471,-0.816350568908
ydC9UsSm,-0.443412462268,-0.00190147964182,-1.16800979101,0.513084036099,0.020448800315
ydEG4VBd,-0.512367140567,-0.17839507544,-0.764841148893,-0.449281754077,0.240714366733
yf76yWXc,-0.102670605654,0.305727971598,1.29354175176,-0.721252459248,-0.0909425224391
yg70e63n,-0.49732642477,-0.219914004452,-0.332157823926,-0.291980833765,-0.32410606944
ywxtlSKv,-0.460352778513,-0.266041065582,-0.909083770297,-0.802824543811,-0.191413341879
yzKPQPOR,-0.524574286183,-0.351755879683,-0.8106290187,0.152202132165,-0.650582610608
z5cnOnZ1,-0.434540466623,-0.346105198771,-0.269296595445,-0.453729500157,-0.611563893107
zFLkOE0e,0.170069322902,-0.177690246607,0.385848757826,0.637434991763,-1.10282978767
zGi72mxL,-0.671256770614,-0.257025365469,-0.451176007518,-0.320866156853,-0.882320453005
zN925UV3,-0.309680841252,-0.17894975026,-0.505960817656,0.524765549112,-0.878956070787
zTy2ih7e,-0.429437975579,-0.0697726027183,-0.645615127786,-0.439419735409,0.661636956523
zVFzAutw,-0.275400604334,-0.154967885365,0.151579243471,-0.418792296694,0.535892117279
zYxNAkht,-0.330045449249,-0.346196225026,-0.800663438752,-0.700057517496,0.643809314073
zaWDBai3,-0.338523919552,0.0712394480117,-0.242982803786,-0.227859366444,1.43944786921
zg3u0Zsx,-0.293092553181,-0.0810739505245,0.0433509148683,-0.156712003969,-0.112992333415
zlwLfdsS,-0.499499417001,-0.49032075139,-0.976957313076,1.37770892189,-0.788448630729
zmbKzVfl,-0.450923938429,-0.0630142591287,-1.08177792843,0.020298143809,0.0932566151256
